title,year,rating,genre,sinopse,sinopse_no_stopwords,cluster
Um Sonho de Liberdade,1994,9.3,Drama,"dois homens presos se reúnem ao longo de vários anos, encontrando consolo e eventual redenção através de atos de decência comum.","dois homens presos reúnem longo vários anos, encontrando consolo eventual redenção através atos decência comum.",1
O Poderoso Chefão,1972,9.2,Policial,o patriarca idoso de uma dinastia do crime organizado transfere o controle de seu império clandestino para seu filho relutante.,patriarca idoso dinastia crime organizado transfere controle império clandestino filho relutante.,3
Batman: O Cavaleiro das Trevas,2008,9.1,Ação,"agora com a ajuda do tenente jim gordon e do promotor público harvey dent, batman tem tudo para banir o crime de gotham city de uma vez por todas. mas em breve, os três serão vítimas do coringa, que pretende lançar gotham em uma anarquia.","agora ajuda tenente jim gordon promotor público harvey dent, batman tudo banir crime gotham city vez todas. breve, três vítimas coringa, pretende lançar gotham anarquia.",2
O Poderoso Chefão: Parte II,1974,9.0,Policial,"o início da vida e da carreira de vito corleone na década de 1920 em nova york, enquanto seu filho, michael, expande e fortalece seu controle sobre o sindicato do crime.","início vida carreira vito corleone década 1920 nova york, enquanto filho, michael, expande fortalece controle sobre sindicato crime.",3
12 Homens e uma Sentença,1957,9.0,Policial,"o julgamento de um assassinato em nova iorque é frustrado por um único membro, cujo ceticismo força o júri a considerar cuidadosamente as evidências antes de dar o veredito.","julgamento assassinato nova iorque frustrado único membro, cujo ceticismo força júri considerar cuidadosamente evidências antes dar veredito.",3
O Senhor dos Anéis: O Retorno do Rei,2003,9.0,Aventura,gandalf e aragorn lideram o mundo dos homens contra o exército de sauron para desviar o olhar de frodo e sam quando eles se aproximam á montanha da perdição com o um anel.,gandalf aragorn lideram mundo homens contra exército sauron desviar olhar frodo sam aproximam á montanha perdição anel.,0
A Lista de Schindler,1993,9.0,Biografia,"na polônia ocupada pelos alemães durante a segunda guerra mundial, o industrial oskar schindler começa a se preocupar com seus trabalhadores judeus depois de testemunhar sua perseguição pelos nazistas.","polônia ocupada alemães durante segunda guerra mundial, industrial oskar schindler começa preocupar trabalhadores judeus testemunhar perseguição nazistas.",0
O Senhor dos Anéis: A Sociedade do Anel,2001,8.9,Aventura,um manso hobbit do condado e oito companheiros partem em uma jornada para destruir o poderoso um anel e salvar a terra-média das trevas.,manso hobbit condado oito companheiros partem jornada destruir poderoso anel salvar terra-média trevas.,0
Pulp Fiction: Tempo de Violência,1994,8.8,Policial,"as vidas de dois assassinos da máfia, um boxeador, um gângster e sua esposa, e um par de bandidos se entrelaçam em quatro histórias de violência e redenção.","vidas dois assassinos máfia, boxeador, gângster esposa, par bandidos entrelaçam quatro histórias violência redenção.",3
Três Homens em Conflito,1966,8.8,Aventura,um impostor se junta com dois homens para encontrar fortuna num remoto cemitério.,impostor junta dois homens encontrar fortuna remoto cemitério.,0
Forrest Gump: O Contador de Histórias,1994,8.8,Drama,"os governos dos presidentes kennedy e johnson, os eventos do vietnã e watergate e outras histórias são mostradas através da perspectiva de um homem do alabama com baixo quociente intelectual.","governos presidentes kennedy johnson, eventos vietnã watergate outras histórias mostradas através perspectiva homem alabama baixo quociente intelectual.",1
O Senhor dos Anéis: As Duas Torres,2002,8.8,Aventura,"enquanto frodo e sam estão perto de mordor com a ajuda de gollum, a divida comunhão luta contra saruman e os isengards.","enquanto frodo sam perto mordor ajuda gollum, divida comunhão luta contra saruman isengards.",0
Clube da Luta,1999,8.8,Policial,um trabalhador de escritório e um fabricante de sabonetes formam um clube de luta clandestino que evolui para algo muito maior.,trabalhador escritório fabricante sabonetes formam clube luta clandestino evolui algo maior.,3
A Origem,2010,8.8,Ação,um ladrão que rouba segredos corporativos através da tecnologia de entrar no subconsciente recebe a tarefa inversa de plantar uma idéia na mente do diretor de uma grande empresa.,ladrão rouba segredos corporativos através tecnologia entrar subconsciente recebe tarefa inversa plantar idéia mente diretor grande empresa.,2
Star Wars: Episódio V - O Império Contra-Ataca,1980,8.7,Ação,"depois que a aliança rebelde é dominada pelo império, luke skywalker começa seu treinamento jedi com yoda, enquanto seus amigos são perseguidos por toda a galáxia por darth vader e pelo caçador de recompensas boba fett.","aliança rebelde dominada império, luke skywalker começa treinamento jedi yoda, enquanto amigos perseguidos toda galáxia darth vader caçador recompensas boba fett.",2
Matrix,1999,8.7,Ação,um hacker aprende com os misteriosos rebeldes sobre a verdadeira natureza de sua realidade e seu papel na guerra contra seus controladores.,hacker aprende misteriosos rebeldes sobre verdadeira natureza realidade papel guerra contra controladores.,2
Os Bons Companheiros,1990,8.7,Biografia,"a historia do henry hill e sua vida na máfia, sua relação com sua esposa karen hill e seus colegas da máfia jimmy conway e tommy devito no sindicato italo-americano do crime.","historia henry hill vida máfia, relação esposa karen hill colegas máfia jimmy conway tommy devito sindicato italo-americano crime.",0
Interestelar,2014,8.7,Aventura,"uma equipe de exploradores viaja através de um buraco de minhoca no espaço, na tentativa de garantir a sobrevivência da humanidade.","equipe exploradores viaja através buraco minhoca espaço, tentativa garantir sobrevivência humanidade.",0
Um Estranho no Ninho,1975,8.7,Drama,"um criminoso alega insanidade para ser enviado a um centro de saúde mental, onde se rebela contra a opressiva enfermeira e mobiliza os pacientes a quem ela atemoriza.","criminoso alega insanidade enviado centro saúde mental, onde rebela contra opressiva enfermeira mobiliza pacientes atemoriza.",1
Seven - Os Sete Crimes Capitais,1995,8.6,Policial,"dois detetives, um novato e um veterano, perseguem um assassino em série que usa os sete pecados capitais como motivos.","dois detetives, novato veterano, perseguem assassino série usa sete pecados capitais motivos.",3
A Felicidade Não se Compra,1946,8.6,Drama,"um anjo é enviado dos céus para ajudar um homem de negócios desesperado em sua frustração, e mostra a ele como seria a vida se nunca tivesse existido.","anjo enviado céus ajudar homem negócios desesperado frustração, mostra vida nunca existido.",1
O Silêncio dos Inocentes,1991,8.6,Policial,"uma jovem deve receber a ajuda de um assassino canibal manipulador e preso para ajudar a capturar outro assassino em série, um louco que ataca suas vítimas.","jovem deve receber ajuda assassino canibal manipulador preso ajudar capturar outro assassino série, louco ataca vítimas.",3
Os Sete Samurais,1954,8.6,Ação,uma aldeia pobre sob a ameaça de bandidos recruta sete samurais para ajudá-los a se defenderem.,aldeia pobre sob ameaça bandidos recruta sete samurais ajudá-los defenderem.,2
O Resgate do Soldado Ryan,1998,8.6,Drama,"depois de chegar a normandía, um grupo de soldados precisa encontrar o único irmão vivo de três que morreram na guerra.","chegar normandía, grupo soldados precisa encontrar único irmão vivo três morreram guerra.",1
À Espera de um Milagre,1999,8.6,Policial,"as vidas dos guardas de corredor da morte são afetadas por um dos detidos: um homem afro-americano acusado pelo assassinato e estupro de uma criança, mas com um presente misterioso.","vidas guardas corredor morte afetadas detidos: homem afro-americano acusado assassinato estupro criança, presente misterioso.",3
Cidade de Deus,2002,8.6,Policial,"os caminhos de duas crianças divergem nas favelas do rio, enquanto um se esforça para se tornar um fotógrafo e o outro um chefe do tráfico.","caminhos duas crianças divergem favelas rio, enquanto esforça tornar fotógrafo outro chefe tráfico.",3
A Vida é Bela,1997,8.6,Comédia,"quando um bibliotecário judeu e seu filho se tornarem vítimas do holocausto, ele usará uma mistura perfeita de vontade, humor e imaginação para proteger seu filho dos perigos do campo de concentração.","bibliotecário judeu filho tornarem vítimas holocausto, usará mistura perfeita vontade, humor imaginação proteger filho perigos campo concentração.",0
O Exterminador do Futuro 2: O Julgamento Final,1991,8.6,Ação,"um ciborgue, idêntico ao que falhou em matar sarah connor, agora deve proteger o filho de dez anos dela, john, de um ciborgue ainda mais avançado e poderoso.","ciborgue, idêntico falhou matar sarah connor, agora deve proteger filho dez anos dela, john, ciborgue ainda avançado poderoso.",2
Star Wars: Episódio IV - Uma Nova Esperança,1977,8.6,Ação,"luke skywalker une forças com um cavaleiro jedi, um piloto arrogante, um wookiee e dois andróides para salvar a galáxia da estação de batalha destruidora do império, enquanto tenta resgatar a princesa leia do misterioso darth vader.","luke skywalker une forças cavaleiro jedi, piloto arrogante, wookiee dois andróides salvar galáxia estação batalha destruidora império, enquanto tenta resgatar princesa leia misterioso darth vader.",2
De Volta para o Futuro,1985,8.5,Aventura,"marty mcfly viaja para 1955 com a máquina do tempo do cientista dr. brown. ele deve garantir que seus pais se apaixonem, para não arriscar sua própria existência.","marty mcfly viaja 1955 máquina tempo cientista dr. brown. deve garantir pais apaixonem, arriscar própria existência.",0
A Viagem de Chihiro,2001,8.6,Animação,"uma garota é obrigada a mudar de cidade com seus pais contra a sua vontade. durante a viagem, eles decidem pegar um atalho e se perdem, chegando a um estranho edifício, onde adentrarão um misterioso mundo de monstros e espíritos.","garota obrigada mudar cidade pais contra vontade. durante viagem, decidem pegar atalho perdem, chegando estranho edifício, onde adentrarão misterioso mundo monstros espíritos.",4
O Pianista,2002,8.5,Biografia,um musico judeu luta para sobreviver a destruição de varsóvia durante a segunda guerra mundial.,musico judeu luta sobreviver destruição varsóvia durante segunda guerra mundial.,0
Gladiador,2000,8.5,Ação,um general romano planeja a melhor vingança contra o imperador corrupto que matou sua familia e o fez escravo.,general romano planeja melhor vingança contra imperador corrupto matou familia fez escravo.,2
Parasita,2019,8.5,Drama,"desempregados, a família de ki-taek (song kang-ho) nutre um interesse peculiar pela família park até que eles se veem presos em um inesperado incidente.","desempregados, família ki-taek (song kang-ho) nutre interesse peculiar família park veem presos inesperado incidente.",1
Psicose,1960,8.5,Drama,"uma secretária de phoenix desvia dinheiro de um cliente de sua empresa, foge e vai a um motel remoto gerido por um jovem sob o domínio da mãe.","secretária phoenix desvia dinheiro cliente empresa, foge vai motel remoto gerido jovem sob domínio mãe.",1
O Rei Leão,1994,8.5,Animação,um pequeno lion é obrigado por seu tío a fugir de casa e anos depois se da conta da sua identidade e suas responsabilidades.,pequeno lion obrigado tío fugir casa anos conta identidade responsabilidades.,4
Túmulo dos Vagalumes,1988,8.5,Animação,um menino e sua irmã tentam sobreviver no japão durante a segunda guerra mundial.,menino irmã tentam sobreviver japão durante segunda guerra mundial.,4
Os Infiltrados,2006,8.5,Policial,um policial disfarçado e um espião estão tentando se identificar enquanto se infiltram em uma gangue irlandesa no sul de boston.,policial disfarçado espião tentando identificar enquanto infiltram gangue irlandesa sul boston.,3
Whiplash: Em Busca da Perfeição,2014,8.5,Drama,um jovem e promissor baterista se matricula em um conservatório de música onde seus sonhos são guiados por um instrutor que não pára por nada para perceber o potencial de um aluno.,jovem promissor baterista matricula conservatório música onde sonhos guiados instrutor pára nada perceber potencial aluno.,1
Harakiri,1962,8.6,Drama,"um velho samurai ronin chega à casa de um senhor feudal e pede um lugar honroso para cometer suicídio. mas quando o ronin pede um samurai mais jovem que chegou antes, os eventos seguem um curso inesperado.","velho samurai ronin chega casa senhor feudal pede lugar honroso cometer suicídio. ronin pede samurai jovem chegou antes, eventos seguem curso inesperado.",1
O Grande Truque,2006,8.5,Drama,"depois de um trágico acidente, dois magos do palco se engajam em uma batalha para criar a ilusão final enquanto sacrificam tudo o que têm para enganar um ao outro.","trágico acidente, dois magos palco engajam batalha criar ilusão final enquanto sacrificam tudo têm enganar outro.",1
A Outra História Americana,1998,8.5,Policial,um neonazista tenta evitar que seu irmão mais novo tome o mesmo caminho errado que ele.,neonazista tenta evitar irmão novo tome caminho errado ele.,3
O Profissional,1994,8.5,Ação,"mathilda, uma menina de 12 anos é levada por léon, um assassino profissional, depois que sua família é assassinada. léon e mathilda formam uma relação incomum, desde que ela se torna sua protegida.","mathilda, menina 12 anos levada léon, assassino profissional, família assassinada. léon mathilda formam relação incomum, desde torna protegida.",2
Homem-Aranha: Através do Aranhaverso,2023,8.5,Animação,"viajando pelo multiverso, miles morales conhece um novo time de pessoas-aranha, formado por heróis de diversas dimensões. mas quando os heróis entram em conflito sobre como lidar com uma nova ameaça, miles se vê em um impasse.","viajando multiverso, miles morales conhece novo time pessoas-aranha, formado heróis diversas dimensões. heróis entram conflito sobre lidar nova ameaça, miles vê impasse.",4
Casablanca,1942,8.5,Drama,o proprietário cético de uma boate protege um antigo amor e seu marido dos nazistas no marrocos.,proprietário cético boate protege antigo amor marido nazistas marrocos.,1
Cinema Paradiso,1988,8.5,Drama,"um diretor de cinema lembra como, em sua infância, ele se apaixonou pelo cinema de sua cidade e iniciou uma profunda amizade com o projecionista.","diretor cinema lembra como, infância, apaixonou cinema cidade iniciou profunda amizade projecionista.",1
Intocáveis,2011,8.5,Comédia,"depois de ficar tetraplégico num acidente, um aristocrata contrata um jovem de um bairro pobre para cuidar dele.","ficar tetraplégico acidente, aristocrata contrata jovem bairro pobre cuidar dele.",0
Os Suspeitos,1995,8.5,Policial,"o único sobrevivente conta os torcidos eventos duma luta com pistolas num bote, quanfo cinco criminais eram levados pela polícia.","único sobrevivente conta torcidos eventos duma luta pistolas bote, quanfo cinco criminais levados polícia.",3
Alien - O 8º Passageiro,1979,8.5,Terror,"depois de investigar uma transmissão misteriosa de origem desconhecida, a tripulação de uma nave espacial comercial encontra uma forma de vida mortal.","investigar transmissão misteriosa origem desconhecida, tripulação nave espacial comercial encontra forma vida mortal.",0
Tempos Modernos,1936,8.5,Comédia,um vagabundo luta para viver na sociedade industrial moderna com a ajuda de uma jovem.,vagabundo luta viver sociedade industrial moderna ajuda jovem.,0
Janela Indiscreta,1954,8.5,Drama,um fotógrafo em uma cadeira de rodas espiona seus vizinhos pela janela de seu apartamento e está convencido de que um deles cometeu um assassinato.,fotógrafo cadeira rodas espiona vizinhos janela apartamento convencido cometeu assassinato.,1
Django Livre,2012,8.5,Faroeste,"com a ajuda de um caçador de recompensas alemão, um escravo libertado sai para resgatar sua esposa de um brutal dono de uma plantação no mississipi.","ajuda caçador recompensas alemão, escravo libertado sai resgatar esposa brutal dono plantação mississipi.",2
Era uma Vez no Oeste,1968,8.5,Drama,um misterioso estranho se junta com um bandido para proteger a uma viúva.,misterioso estranho junta bandido proteger viúva.,1
Luzes da Cidade,1931,8.5,Comédia,"com a ajuda de um homem rico, bêbado e imprevisível, um vagabundo ingênuo que se apaixonou por uma florista cega tenta conseguir dinheiro para fornecer ajuda médica.","ajuda homem rico, bêbado imprevisível, vagabundo ingênuo apaixonou florista cega tenta conseguir dinheiro fornecer ajuda médica.",0
Apocalypse Now,1979,8.4,Drama,um oficial do exército dos estados unidos no vietnã é encarregado de assassinar a um coronel que acredita ser um deus.,oficial exército estados unidos vietnã encarregado assassinar coronel acredita deus.,1
WALL·E,2008,8.4,Animação,"num futuro distante, um pequeno robô faz uma viagem que decidirá o destino da humanidade.","futuro distante, pequeno robô faz viagem decidirá destino humanidade.",4
Amnésia,2000,8.4,Drama,um homem com perda da memória de curto prazo tenta investigar o homicídio da sua esposa.,homem perda memória curto prazo tenta investigar homicídio esposa.,1
Duna: Parte 2,2024,8.5,Ação,"diante da difícil escolha entre o amor de sua vida e o destino do universo conhecido, paul atreides, agora ao lado de chani e dos fremen, dará tudo de si para evitar o futuro terrível que só ele pode prever.","diante difícil escolha amor vida destino universo conhecido, paul atreides, agora lado chani fremen, dará tudo si evitar futuro terrível pode prever.",2
Os Caçadores da Arca Perdida,1981,8.4,Ação,"em 1936 o archeologista e aventurero indiana jones é contratado pelo governo dos estados unidos para procurar pelo pacto da arca, antes que os nazis o tenham primeiro.","1936 archeologista aventurero indiana jones contratado governo estados unidos procurar pacto arca, antes nazis primeiro.",2
Vingadores: Guerra Infinita,2018,8.4,Ação,os vingadores e seus aliados deverão sacrificar tudo em uma tentativa de derrotar o poderoso thanos antes que sua explosão de devastação ponha fim ao universo.,vingadores aliados deverão sacrificar tudo tentativa derrotar poderoso thanos antes explosão devastação ponha fim universo.,2
A Vida dos Outros,2006,8.4,Drama,"em 1984, em berlim oriental, um agente da polícia secreta que cuida de um escritor e sua mulher se vê cada vez mais absorvido em suas vidas.","1984, berlim oriental, agente polícia secreta cuida escritor mulher vê cada vez absorvido vidas.",1
Crepúsculo dos Deuses,1950,8.4,Drama,um roteirista estabelece uma relação com uma fracasada estrela de cinema que quer voltar aos filmes.,roteirista estabelece relação fracasada estrela cinema quer voltar filmes.,1
Homem-Aranha: No Aranhaverso,2018,8.4,Animação,o adolescente miles morales se torna o homem-aranha de seu universo e deve se juntar a cinco indivíduos com poderes de aranha de outras dimensões para impedir uma ameaça para todas as realidades.,adolescente miles morales torna homem-aranha universo deve juntar cinco indivíduos poderes aranha outras dimensões impedir ameaça todas realidades.,4
Testemunha de Acusação,1957,8.4,Policial,um veterano advogado britânico deve defender seu cliente em um julgamento de assassinato que tem surpresa após surpresa.,veterano advogado britânico deve defender cliente julgamento assassinato surpresa após surpresa.,3
Glória Feita de Sangue,1957,8.4,Drama,"depois de se recusar a atacar uma posição inimiga, um general acusa os soldados da covardia e seu comandante deve defendê-los.","recusar atacar posição inimiga, general acusa soldados covardia comandante deve defendê-los.",1
O Iluminado,1980,8.4,Drama,"uma família se dirige a um hotel isolado para o inverno, onde uma presença sinistra influencia a violência do pai, enquanto seu filho psíquico vê presságios horríveis do passado e do futuro.","família dirige hotel isolado inverno, onde presença sinistra influencia violência pai, enquanto filho psíquico vê presságios horríveis passado futuro.",1
O Grande Ditador,1940,8.4,Comédia,o ditador adenoid hynkel tenta expandir seu império enquanto um pobre barbeiro judeu tenta evitar a perseguição por seu regime.,ditador adenoid hynkel tenta expandir império enquanto pobre barbeiro judeu tenta evitar perseguição regime.,0
Bastardos Inglórios,2009,8.4,Aventura,"na frança ocupada pelos nazistas durante a segunda guerra mundial, um plano para assassinar líderes nazistas por parte de um grupo de soldados judeus dos eua coincide com os planos de vingança da dona de uma sala de cinema.","frança ocupada nazistas durante segunda guerra mundial, plano assassinar líderes nazistas parte grupo soldados judeus eua coincide planos vingança dona sala cinema.",0
Repetente,2023,8.7,Biografia,a história da vida real do oficial do ips manoj kumar sharma e do oficial do irs shraddha joshi.,história vida real oficial ips manoj kumar sharma oficial irs shraddha joshi.,0
Aliens: O Resgate,1986,8.4,Ação,ellen ripley é salvada depois de estar dormida por 57 anos. a luna que o nostromo visitou foi colonizada mas o contado se perdeu.,ellen ripley salvada dormida 57 anos. luna nostromo visitou colonizada contado perdeu.,2
Batman: O Cavaleiro das Trevas Ressurge,2012,8.4,Ação,"passaram-se oito anos desde a morte de harvey dent e o batman, ao assumir a culpa pela morte do promotor, desapareceu. agora, ele terá de lidar com a chegada da mulher gato e de bane em gotham city.","passaram-se oito anos desde morte harvey dent batman, assumir culpa morte promotor, desapareceu. agora, lidar chegada mulher gato bane gotham city.",2
Viva: A Vida é uma Festa,2017,8.4,Animação,"o aspirante a músico miguel, confrontado com a proibição ancestral da música pela sua família, entra na terra dos mortos para encontrar o seu tataravô, um cantor lendário.","aspirante músico miguel, confrontado proibição ancestral música família, entra terra mortos encontrar tataravô, cantor lendário.",4
Amadeus,1984,8.4,Biografia,"a vida, sucessos e tribulações de wolfgang amadeus mozart de acordo com antonio salieri, um compositor que era contemporâneo, que sempre teve ciúmes dele e que alegou tê-lo matado.","vida, sucessos tribulações wolfgang amadeus mozart acordo antonio salieri, compositor contemporâneo, sempre ciúmes alegou tê-lo matado.",0
Vingadores: Ultimato,2019,8.4,Ação,"após os eventos devastadores de vingadores: guerra infinita, o universo está em ruínas. e com a ajuda de aliados, os vingadores se reúnem para desfazer as ações de thanos e restaurar a ordem.","após eventos devastadores vingadores: guerra infinita, universo ruínas. ajuda aliados, vingadores reúnem desfazer ações thanos restaurar ordem.",2
Gênio Indomável,1997,8.3,Drama,"will hunting, um zelador de uma universidade, tem habilidades para a matemática, mas precisa da ajuda de um psicólogo para encontrar seu propósito.","will hunting, zelador universidade, habilidades matemática, precisa ajuda psicólogo encontrar propósito.",1
Toy Story,1995,8.3,Animação,"um boneco cowboy fica ciumento quando um novo boneco astronauta se torna o brinquedo principal no quarto de um menino. quando as circunstâncias os separam de seu dono, os dois precisam esquecer suas diferenças para voltar para ele.","boneco cowboy fica ciumento novo boneco astronauta torna brinquedo principal quarto menino. circunstâncias separam dono, dois precisam esquecer diferenças voltar ele.",4
Céu e Inferno,1963,8.4,Policial,um executivo de uma empresa de calçados torna-se vítima de extorsão quando o filho de seu motorista é sequestrado e retido para resgate.,executivo empresa calçados torna-se vítima extorsão filho motorista sequestrado retido resgate.,3
Oldboy,2003,8.3,Ação,"depois de ter sido raptado e preso por quinze anos, oh dae-su é libertado, e descobre que tem 5 dias para encontrar seu sequestrador.","ter sido raptado preso quinze anos, oh dae-su libertado, descobre 5 dias encontrar sequestrador.",2
Dr. Fantástico,1964,8.3,Comédia,um general alienado provoca um potencial holocausto nuclear que uma sala de guerra cheia de políticos e generais tenta freneticamente parar.,general alienado provoca potencial holocausto nuclear sala guerra cheia políticos generais tenta freneticamente parar.,0
O Barco: Inferno no Mar,1981,8.4,Drama,"o mundo claustrofóbico de um submarino da segunda guerra mundial, cheio de tédio, sujeira e terror.","mundo claustrofóbico submarino segunda guerra mundial, cheio tédio, sujeira terror.",1
Coração Valente,1995,8.3,Biografia,"quando sua noiva en segredo é assassinada, william wallace comença uma revolta contra o rey eduardo i da inglaterra.","noiva en segredo assassinada, william wallace comença revolta contra rey eduardo i inglaterra.",0
Your Name,2016,8.4,Animação,"dois estranhos estão ligados de uma maneira bizarra, mais quando uma conexão é formada, a distância será a única coisa que os manterá separados?","dois estranhos ligados maneira bizarra, conexão formada, distância única coisa manterá separados?",4
Princesa Mononoke,1997,8.3,Animação,um príncipe sofre com uma maldição mortal e parte em busca da cura. ele acaba indo parar no meio da batalha entre uma cidade mineradora e os animais da floresta.,príncipe sofre maldição mortal parte busca cura. acaba indo parar meio batalha cidade mineradora animais floresta.,4
Beleza Americana,1999,8.3,Drama,um pai sexualmente frustrado tem uma crise existencial depois de conhecer a melhor amiga da sua filha.,pai sexualmente frustrado crise existencial conhecer melhor amiga filha.,1
3 Idiotas,2009,8.4,Comédia,"dois amigos procuram seu companheiro perdido. eles se lembram de seus dias de faculdade e como seu amigo os inspirou a pensar de maneira diferente, mesmo quando o resto do mundo os chamava idiotas.","dois amigos procuram companheiro perdido. lembram dias faculdade amigo inspirou pensar maneira diferente, resto mundo chamava idiotas.",0
Coringa,2019,8.3,Policial,um comediante falido enlouquece e se torna um assassino psicopata.,comediante falido enlouquece torna assassino psicopata.,3
Cafarnaum,2018,8.4,Drama,"ao cumprir uma sentença de cinco anos por um crime violento, uma criança de 12 anos processou seus pais por negligência.","cumprir sentença cinco anos crime violento, criança 12 anos processou pais negligência.",1
Era uma Vez na América,1984,8.3,Policial,"dois amigos leais crescem juntos cometendo pequenos crimes nas ruas do lower east side, em manhattan, mas essa parceria com o tempo se desfaz em morte e mistério.","dois amigos leais crescem juntos cometendo pequenos crimes ruas lower east side, manhattan, parceria tempo desfaz morte mistério.",3
Cantando na Chuva,1952,8.3,Comédia,uma produtora de cinema mudo e seu elenco enfrentam uma transição difícil para o cinema falado.,produtora cinema mudo elenco enfrentam transição difícil cinema falado.,0
Vá e Veja,1985,8.3,Drama,"depois de encontrar uma arma, um jovem se une as forças da resistença russa contra os alemães na segunda guerra mundial.","encontrar arma, jovem une forças resistença russa contra alemães segunda guerra mundial.",1
Réquiem para um Sonho,2000,8.3,Drama,as utopias causadas pelo uso de drogas em quatro pessoas de coney island se rompem quando seus vícios as dominam.,utopias causadas uso drogas quatro pessoas coney island rompem vícios dominam.,1
Star Wars: Episódio VI - O Retorno de Jedi,1983,8.3,Ação,"depois de resgatar han solo de jabba, o hutt, a aliança rebelde tenta destruir a segunda estrela da morte, enquanto luke luta para ajudar darth vader a voltar do lado negro.","resgatar han solo jabba, hutt, aliança rebelde tenta destruir segunda estrela morte, enquanto luke luta ajudar darth vader voltar lado negro.",2
Toy Story 3,2010,8.3,Animação,"os brinquedos são dados por erro a uma creche, woody junto com os outros brinquedos tentaram voltar a casa do andy.","brinquedos dados erro creche, woody junto outros brinquedos tentaram voltar casa andy.",4
A Caça,2012,8.3,Drama,"um professor vive uma vida solitária enquanto luta pela custódia de seu filho. sua vida melhora lentamente quando ele encontra o amor e recebe boas notícias de seu filho, mas sua sorte está prestes a mudar por uma pequena mentira inocente.","professor vive vida solitária enquanto luta custódia filho. vida melhora lentamente encontra amor recebe boas notícias filho, sorte prestes mudar pequena mentira inocente.",1
Viver,1952,8.3,Drama,"depois de descobrir que tem câncer terminal, um burocrata tenta encontrar um sentido para sua vida.","descobrir câncer terminal, burocrata tenta encontrar sentido vida.",1
Brilho Eterno de uma Mente sem Lembranças,2004,8.3,Drama,"quando sua relaçao se volta complicada, um casal tenta um procedimento médico para que suas memorias sejam apagadas.","relaçao volta complicada, casal tenta procedimento médico memorias apagadas.",1
Incêndios,2010,8.3,Drama,os gêmeos viajam para o oriente médio para descobrir sua história familiar e cumprir os últimos desejos de sua mãe.,gêmeos viajam oriente médio descobrir história familiar cumprir últimos desejos mãe.,1
Se Meu Apartamento Falasse,1960,8.3,Comédia,"um homem tenta subir na empresa permitindo que seus executivos usem seu apartamento para encontros, mas surgem complicações e um romance próprio.","homem tenta subir empresa permitindo executivos usem apartamento encontros, surgem complicações romance próprio.",0
Lawrence da Arábia,1962,8.3,Aventura,"a história de t. e. lawrence, o oficial inglês que conseguiu unir e liderar várias tribos árabes, durante a primeira guerra mundial para lutar contra os turcos.","história t. e. lawrence, oficial inglês conseguiu unir liderar várias tribos árabes, durante primeira guerra mundial lutar contra turcos.",0
2001: Uma Odisséia no Espaço,1968,8.3,Aventura,"trás descobrir um misterioso artefato na superfície da lua, a humanidade tenta encontrar seus origens com a ajuda da inteligença do ordernador hal 9000.","trás descobrir misterioso artefato superfície lua, humanidade tenta encontrar origens ajuda inteligença ordernador hal 9000.",0
Cães de Aluguel,1992,8.3,Policial,"quando um simples roubo de jóias dá errado, os criminosos sobreviventes começam a suspeitar que um deles é um informante da polícia.","simples roubo jóias dá errado, criminosos sobreviventes começam suspeitar informante polícia.",3
Scarface,1983,8.3,Policial,"em 1980, um imigrante cubano se torna o maior traficante de cocaína de miami.","1980, imigrante cubano torna maior traficante cocaína miami.",3
Fogo Contra Fogo,1995,8.3,Ação,um grupo de ladrões de banco suspeitam que a polícia estejam atrás deles quando deixam uma pista no seu último roubo.,grupo ladrões banco suspeitam polícia atrás deixam pista último roubo.,2
Pacto de Sangue,1944,8.3,Policial,"um agente de seguros se deixa convencer de um esquema de assassinato e fraude, o que desperta a suspeita de um investigador.","agente seguros deixa convencer esquema assassinato fraude, desperta suspeita investigador.",3
Intriga Internacional,1959,8.3,Aventura,um executivo de publicidade de nova iorque tem que fugir quando é confundido por um agente de governo.,executivo publicidade nova iorque fugir confundido agente governo.,0
Up: Altas Aventuras,2009,8.3,Animação,"carl fredricksen, de 78 anos, viaja para a américa do sul com sua casa, inadvertidamente levando um menino com ele.","carl fredricksen, 78 anos, viaja américa sul casa, inadvertidamente levando menino ele.",4
"M, o Vampiro de Dusseldorf",1931,8.3,Policial,"quando a polícia de uma cidade alemã não consegue encontrar um assassino de crianças, outros criminosos decidem ajudar na caçada humana.","polícia cidade alemã consegue encontrar assassino crianças, outros criminosos decidem ajudar caçada humana.",3
Cidadão Kane,1941,8.2,Drama,"após a morte de um magnata na indústria editorial, jornalistas correm para descobrir o significado da última palavra que ele pronunciou.","após morte magnata indústria editorial, jornalistas correm descobrir significado última palavra pronunciou.",1
Nascido para Matar,1987,8.2,Drama,um marinho dos estados unidos nota os deshumanizantes efeitos da guerra do vietnã em seus colegas.,marinho estados unidos nota deshumanizantes efeitos guerra vietnã colegas.,1
Um Corpo que Cai,1958,8.2,Mistério,um ex-policial luta contra seus demônios enquanto está obcecado por uma mulher bonita.,ex-policial luta contra demônios enquanto obcecado mulher bonita.,2
O Fabuloso Destino de Amélie Poulain,2001,8.3,Comédia,"amélie é uma parisiense ingênua com seu próprio senso de justiça. ela decide ajudar as pessoas ao seu redor e, no caminho, descobre o amor.","amélie parisiense ingênua próprio senso justiça. decide ajudar pessoas redor e, caminho, descobre amor.",0
Como Estrelas na Terra,2007,8.3,Drama,"um garoto de oito anos é acusado de ser problemático e preguiçoso, até que o novo professor de arte tem a paciência e compaixão para descobrir o verdadeiro problema por trás de suas lutas na escola.","garoto oito anos acusado problemático preguiçoso, novo professor arte paciência compaixão descobrir verdadeiro problema trás lutas escola.",1
A Separação,2011,8.3,Drama,"um casal é confrontado com uma decisão difícil, melhorar a vida de seu filho mudando-se para outro país ou ficar no irã e cuidar de um pai que se deteriora e com alzheimer.","casal confrontado decisão difícil, melhorar vida filho mudando-se outro país ficar irã cuidar pai deteriora alzheimer.",1
O Sol é para Todos,1962,8.3,Policial,"atticus finch, um advogado no sul da era da depressão, defende um homem negro contra uma acusação de estupro imerecida, e seus filhos contra o preconceito.","atticus finch, advogado sul depressão, defende homem negro contra acusação estupro imerecida, filhos contra preconceito.",3
Duro de Matar,1988,8.2,Ação,"john mcclane, agente do departamento de polícia de nova york, tenta salvar sua esposa, holly gennaro, e outras pessoas que o terrorista alemão hans gruber tomou como reféns durante a festa de natal no nakatomi plaza, em los angeles.","john mcclane, agente departamento polícia nova york, tenta salvar esposa, holly gennaro, outras pessoas terrorista alemão hans gruber tomou reféns durante festa natal nakatomi plaza, los angeles.",2
Indiana Jones e a Última Cruzada,1989,8.2,Ação,"em 1938, depois que seu pai, o professor henry jones, desaparece enquanto persegue o santo graal, o professor henry ""indiana"" jones, jr. se encontra contra os nazistas de adolf hitler.","1938, pai, professor henry jones, desaparece enquanto persegue santo graal, professor henry ""indiana"" jones, jr. encontra contra nazistas adolf hitler.",2
Golpe de Mestre,1973,8.2,Comédia,dois golpistas se reúnem para obter o melhor golpe.,dois golpistas reúnem obter melhor golpe.,0
Laranja Mecânica,1971,8.2,Policial,"no futuro, um jovem líder de gang é levado para prisão e decide ser voluntário em um experimento, mas os resultados não são os esperados.","futuro, jovem líder gang levado prisão decide voluntário experimento, resultados esperados.",3
Metrópolis,1927,8.3,Drama,"numa cidade futurística dividida entre os trabalhadores e os planejadores, o filho do maior planejador se apaixona por uma trabalhadora.","cidade futurística dividida trabalhadores planejadores, filho maior planejador apaixona trabalhadora.",1
Snatch - Porcos e Diamantes,2000,8.2,Comédia,"um ladrão amante dos jogos reúne gângsteres desprezíveis, um grupo de nômades irlandeses e uma fazenda de porcos em meio a chantagens, fraudes, boxeadores, um cão faminto e um grande diamante.","ladrão amante jogos reúne gângsteres desprezíveis, grupo nômades irlandeses fazenda porcos meio chantagens, fraudes, boxeadores, cão faminto grande diamante.",0
Oppenheimer,2023,8.3,Biografia,a história do cientista americano j. robert oppenheimer e seu papel no desenvolvimento da bomba atômica.,história cientista americano j. robert oppenheimer papel desenvolvimento bomba atômica.,0
1917,2019,8.2,Ação,"na primeira guerra mundial, dois soldados britânicos recebem ordens aparentemente impossíveis de cumprir. em uma corrida contra o tempo, eles precisam atravessar o território inimigo e entregar uma mensagem que pode salvar 1.600 homens.","primeira guerra mundial, dois soldados britânicos recebem ordens aparentemente impossíveis cumprir. corrida contra tempo, precisam atravessar território inimigo entregar mensagem pode salvar 1.600 homens.",2
Los Angeles: Cidade Proibida,1997,8.2,Policial,a corrupção cresce em los angeles nos anos 50. três policiais estão investigando uma série de assassinatos com sua própria marca de justiça.,corrupção cresce los angeles anos 50. três policiais investigando série assassinatos própria marca justiça.,3
A Queda! As Últimas Horas de Hitler,2004,8.2,Biografia,o último secretário de hitler relata seus últimos dias em seu bunker de berlim no final da segunda guerra mundial.,último secretário hitler relata últimos dias bunker berlim final segunda guerra mundial.,0
Ladrões de Bicicletas,1948,8.2,Drama,na itália da pós-guerra a bicicleta de um homem da classe trabalhadora é roubada. ele e o filho partiram para encontrá-la.,itália pós-guerra bicicleta homem classe trabalhadora roubada. filho partiram encontrá-la.,1
Dangal,2016,8.3,Ação,o lutador mahavir e suas filhas lutadoras procuram a gloria contra a opressão social nos jogos do commonwealth.,lutador mahavir filhas lutadoras procuram gloria contra opressão social jogos commonwealth.,2
O Lobo de Wall Street,2013,8.2,Biografia,"baseada na verdadeira história de jordan belfort, desde sua ascensão como corretor de valores até a sua queda e envolvimento no crime e corrupção com o governo.","baseada verdadeira história jordan belfort, desde ascensão corretor valores queda envolvimento crime corrupção governo.",0
Green Book: O Guia,2018,8.2,Biografia,um valentão ítalo-americano se torna o motorista de um pianista afro-americano em um tour no sul dos estados unidos nos anos sessenta.,valentão ítalo-americano torna motorista pianista afro-americano tour sul estados unidos anos sessenta.,0
O Show de Truman: O Show da Vida,1998,8.2,Comédia,um vendedor de seguros descobre que sua vida é um programa de televisão.,vendedor seguros descobre vida programa televisão.,0
Hamilton,2020,8.3,Biografia,"a vida de um dos maiores fundadores e primeiro secretário do tesouro da américa, alexander hamilton.","vida maiores fundadores primeiro secretário tesouro américa, alexander hamilton.",0
Hababam Sinifi Sinifta Kaldi,1975,8.6,Comédia,a young and beautiful female teacher starts working in an all boys high school.,young and beautiful female teacher starts working in an all boys high school.,0
Taxi Driver: Motorista de Táxi,1976,8.2,Policial,"um veterano de guerra mentalmente instável trabalha à noite como taxista na cidade de nova york, onde a decadência e o desprezo alimentam seu desejo de ação violenta.","veterano guerra mentalmente instável trabalha noite taxista cidade nova york, onde decadência desprezo alimentam desejo ação violenta.",3
Batman Begins,2005,8.2,Ação,"após testemunhar a morte dos pais, o bilionário bruce wayne aprende a arte de lutar para confrontar a injustiça. quando ele retorna a gotham como batman, ele deve deter uma sociedade secreta que pretende destruir a cidade.","após testemunhar morte pais, bilionário bruce wayne aprende arte lutar confrontar injustiça. retorna gotham batman, deve deter sociedade secreta pretende destruir cidade.",2
Por uns Dólares a Mais,1965,8.2,Drama,dois caçadores de recompensas com as mesmas intenções se reúnem para encontrar um criminoso ocidental.,dois caçadores recompensas mesmas intenções reúnem encontrar criminoso ocidental.,1
Julgamento em Nuremberg,1961,8.3,Drama,"em 1948, um tribunal dos estados unidos na alemanha ocupada julga quatro nazistas por crimes de guerra.","1948, tribunal estados unidos alemanha ocupada julga quatro nazistas crimes guerra.",1
Ilha do Medo,2010,8.2,Drama,"em 1954, um policial federal dos estados unidos investiga o desaparecimento de um assassino que escapou de um hospital psiquiátrico.","1954, policial federal estados unidos investiga desaparecimento assassino escapou hospital psiquiátrico.",1
Quanto Mais Quente Melhor,1959,8.2,Comédia,"dos músicos son testigos de un crimen y se dan a la fuga disfrazados de mujeres en una banda femenina, pero las cosas se complican.","músicos son testigos un crimen y dan la fuga disfrazados mujeres en una banda femenina, pero las cosas complican.",0
Jurassic Park: O Parque dos Dinossauros,1993,8.2,Ação,"um milionário traz à vida dinossauros extintos há milhares de anos, criando um imenso parque. mas os gigantes pré-históricos começam a ameaçar a vida dos visitantes.","milionário traz vida dinossauros extintos milhares anos, criando imenso parque. gigantes pré-históricos começam ameaçar vida visitantes.",2
O Garoto,1921,8.2,Comédia,"um mendigo cuida de uma criança abandonada, mas os eventos ameaçam esse relacionamento.","mendigo cuida criança abandonada, eventos ameaçam relacionamento.",0
Meu Pai,2020,8.2,Drama,"um homem recusa toda a ajuda de sua filha à medida que envelhece. enquanto ele tenta entender o que está acontecendo ao seu redor, ele começa a duvidar dos seus entes queridos, da sua mente e até mesmo da estrutura de sua realidade.","homem recusa toda ajuda filha medida envelhece. enquanto tenta entender acontecendo redor, começa duvidar entes queridos, mente estrutura realidade.",1
Sangue Negro,2007,8.2,Drama,"uma história sobre familia, religião, ódio e loucura, centrada na vida de um explorador de petróleo nos primeiros anos do negócio.","história sobre familia, religião, ódio loucura, centrada vida explorador petróleo primeiros anos negócio.",1
A Malvada,1950,8.2,Drama,"uma ingênua se insinua na vida de uma atriz de teatro, e de seu círculo de amigas de teatro.","ingênua insinua vida atriz teatro, círculo amigas teatro.",1
O Sexto Sentido,1999,8.2,Drama,um menino que consegue se comunicar com espíritos encontra ajuda de um psicólogo.,menino consegue comunicar espíritos encontra ajuda psicólogo.,1
Ran,1985,8.2,Ação,"no japão medieval, um senhor feudal decide abdicar e entregar seus domínios aos seus três filhos. mas ele não é capaz de ver que esses novos poderes irão corrompê-los e levá-los a enfrentar um ao outro, e contra ele.","japão medieval, senhor feudal decide abdicar entregar domínios três filhos. capaz ver novos poderes irão corrompê-los levá-los enfrentar outro, contra ele.",2
Cassino,1995,8.2,Policial,"uma história de ganância, dinheiro e assassinato acontece entre dois melhores amigos: um mafioso e um executivo de cassino, que competem uns com os outros por um império de jogo e pelo amor de uma socialite.","história ganância, dinheiro assassinato acontece dois melhores amigos: mafioso executivo cassino, competem uns outros império jogo amor socialite.",3
Top Gun: Maverick,2022,8.2,Ação,"após mais de trinta anos de serviço como um dos melhores aviadores da marinha, pete mitchell está onde pertence, ultrapassando os limites como um piloto de teste intrépido e evitando a promoção de posto que o manteria em terra.","após trinta anos serviço melhores aviadores marinha, pete mitchell onde pertence, ultrapassando limites piloto teste intrépido evitando promoção posto manteria terra.",2
Onde os Fracos Não Têm Vez,2007,8.2,Policial,violência e caos surgem quando um caçador se depara com uma negociação de drogas que deu errado e mais de dois milhões de dólares perto do rio grande.,violência caos surgem caçador depara negociação drogas deu errado dois milhões dólares perto rio grande.,3
O Enigma de Outro Mundo,1982,8.2,Terror,uma equipe de pesquisa na antártica é caçada por um alienígena que muda de forma e assume a aparência de suas vítimas.,equipe pesquisa antártica caçada alienígena muda forma assume aparência vítimas.,0
Os Imperdoáveis,1992,8.2,Drama,"o atirador do velho oeste, william munny, relutantemente aceita um último trabalho com a ajuda de seu antigo amigo e um jovem.","atirador velho oeste, william munny, relutantemente aceita último trabalho ajuda antigo amigo jovem.",1
O Labirinto do Fauno,2006,8.2,Drama,"na espanha de 1944, a filha dum oficial do exército escapa a um mundo de fantasia.","espanha 1944, filha dum oficial exército escapa mundo fantasia.",1
Kill Bill: Volume 1,2003,8.2,Ação,"depois de despertar de um coma de quatro anos, uma antiga assassina busca vingança contra o grupo de assassinos que a traiu.","despertar coma quatro anos, antiga assassina busca vingança contra grupo assassinos traiu.",2
Uma Mente Brilhante,2001,8.2,Biografia,a vida do brilhante mas insociável matemático john nash muda quando ele aceita um trabalho secreto em criptografia.,vida brilhante insociável matemático john nash muda aceita trabalho secreto criptografia.,0
Os Suspeitos,2013,8.2,Policial,"quando a filha de keller dover e sua amiguinha desaparecem, ele decide investigar o caso por sua conta enquanto a polícia segue múltiplas pistas e a pressão para resolver o caso aumenta.","filha keller dover amiguinha desaparecem, decide investigar caso conta enquanto polícia segue múltiplas pistas pressão resolver caso aumenta.",3
O Tesouro da Sierra Madre,1948,8.2,Aventura,dois americanos em busca de trabalho no méxico convencem um homem a ajudá-los a extrair ouro nas montanhas da serra madre.,dois americanos busca trabalho méxico convencem homem ajudá-los extrair ouro montanhas serra madre.,0
Procurando Nemo,2003,8.2,Animação,"quando seu filho é capturado, um peixe-palhaço tímido embarca em uma viagem para trazê-lo para casa.","filho capturado, peixe-palhaço tímido embarca viagem trazê-lo casa.",4
O Castelo Animado,2004,8.2,Animação,uma jovem sem autoconfiança é amaldiçoada com um corpo envelhecido por uma bruxa odiosa. sua única chance de quebrar o feitiço é um jovem feiticeiro em um castelo itinerante.,jovem autoconfiança amaldiçoada corpo envelhecido bruxa odiosa. única chance quebrar feitiço jovem feiticeiro castelo itinerante.,4
"Yojimbo, o Guarda-Costas",1961,8.2,Ação,um astuto ronin chega a uma cidade dividida por duas quadrilhas criminosas e decide se confrontar para libertar a cidade.,astuto ronin chega cidade dividida duas quadrilhas criminosas decide confrontar libertar cidade.,2
O Melhor da Juventude,2003,8.4,Drama,"um épico italiano que segue a vida de dois irmãos, das décadas de 1960 a 2000.","épico italiano segue vida dois irmãos, décadas 1960 2000.",1
Fugindo do Inferno,1963,8.2,Aventura,prisioneiros de guerra aliados planejam uma fuga maciça de um campo alemão durante a segunda guerra mundial.,prisioneiros guerra aliados planejam fuga maciça campo alemão durante segunda guerra mundial.,0
Monty Python em Busca do Cálice Sagrado,1975,8.2,Aventura,"o rei arthur e seus cavaleiros da távola redonda embarcam em uma busca surrealista e de baixo orçamento pelo santo graal, encontrando múltiplos obstáculos estúpidos.","rei arthur cavaleiros távola redonda embarcam busca surrealista baixo orçamento santo graal, encontrando múltiplos obstáculos estúpidos.",0
O Homem Elefante,1980,8.2,Biografia,"um cirurgião vitoriano resgata um homem gravemente desfigurado que é maltratado enquanto tenta sobreviver como uma atração de circo. por trás de sua aparência monstruosa, revela-se uma pessoa de bondade, inteligência e sofisticação.","cirurgião vitoriano resgata homem gravemente desfigurado maltratado enquanto tenta sobreviver atração circo. trás aparência monstruosa, revela-se pessoa bondade, inteligência sofisticação.",0
Klaus,2019,8.2,Animação,"um simples ato de bondade sempre provoca outro, mesmo em um lugar gelado e distante. quando o novo carteiro de smeerensburg faz amizade com o fabricante de brinquedos klaus, seus presentes derreteram uma antiga inimizade.","simples ato bondade sempre provoca outro, lugar gelado distante. novo carteiro smeerensburg faz amizade fabricante brinquedos klaus, presentes derreteram antiga inimizade.",4
Disque M para Matar,1954,8.2,Policial,"um ex-tenista decide matar a esposa para herdar o dinheiro dela e se vingar de um caso que ela havia tido. a fim de se livrar de culpas, usa um antigo colega de faculdade. mas as coisas não vão correr como estava planeado.","ex-tenista decide matar esposa herdar dinheiro vingar caso havia tido. fim livrar culpas, usa antigo colega faculdade. coisas vão correr planeado.",3
...E o Vento Levou,1939,8.2,Drama,uma jovem sulista e manipuladora e um aventureiro oportunista se enfrentam em um romance turbulento enquanto a sociedade ao seu redor desmorona com o fim da escravidão e é reconstruída durante os períodos da guerra civil e da reconstrução.,jovem sulista manipuladora aventureiro oportunista enfrentam romance turbulento enquanto sociedade redor desmorona fim escravidão reconstruída durante períodos guerra civil reconstrução.,1
O Segredo dos Seus Olhos,2009,8.2,Drama,"um assessor jurídico aposentado escreve um romance com a esperança de fechar um de seus antigos casos de homicídio, que permanece sem solução, e superar o amor não correspondido que sentia por seu chefe. décadas depois, ambas as memórias continuam a persegui-lo.","assessor jurídico aposentado escreve romance esperança fechar antigos casos homicídio, permanece solução, superar amor correspondido sentia chefe. décadas depois, ambas memórias continuam persegui-lo.",1
Chinatown,1974,8.1,Drama,"um detetive particular contratado para desmascarar um adúltero é pego em uma teia de fraude, corrupção e assassinato.","detetive particular contratado desmascarar adúltero pego teia fraude, corrupção assassinato.",1
"Jogos, Trapaças e Dois Canos Fumegantes",1998,8.1,Comédia,"um jogo de cartas em londres desencadeia um confronto entre quatro amigos, plantadores de maconha, agiotas e cobradores de dívidas em uma série de eventos curiosos, tudo por algo de maria, dinheiro e duas pistolas antigas.","jogo cartas londres desencadeia confronto quatro amigos, plantadores maconha, agiotas cobradores dívidas série eventos curiosos, tudo algo maria, dinheiro duas pistolas antigas.",0
V de Vingança,2005,8.1,Ação,"em um futuro da tirania britânica, um lutador clandestino conhecido como v trama um plano para derrubá-la com a ajuda de uma jovem mulher.","futuro tirania britânica, lutador clandestino conhecido v trama plano derrubá-la ajuda jovem mulher.",2
Rashomon,1950,8.1,Policial,"a violação de uma noiva e o assassinato de seu marido samurai são lembrados desde a perspectiva de um bandido, da noiva, do fantasma do samurai e de um lenhador.","violação noiva assassinato marido samurai lembrados desde perspectiva bandido, noiva, fantasma samurai lenhador.",3
Divertida Mente,2015,8.1,Animação,"depois que a jovem riley é arrancada de sua vida no centro-oeste e se muda para são francisco, suas emoções - alegria, medo, raiva, nojinho e tristeza - entram em conflito sobre a melhor forma de navegar em uma nova cidade, casa e escola.","jovem riley arrancada vida centro-oeste muda francisco, emoções - alegria, medo, raiva, nojinho tristeza - entram conflito sobre melhor forma navegar nova cidade, casa escola.",4
Três Anúncios para um Crime,2017,8.1,Comédia,uma mãe desafia pessoalmente as autoridades locais para resolver o assassinato de sua filha.,mãe desafia pessoalmente autoridades locais resolver assassinato filha.,0
Prenda-Me se for Capaz,2002,8.1,Biografia,"um agente do fbi persegue frank abagnale, que antes de seus 19 anos consegue ganhar milhões de dólares fingindo ser um piloto, um médico e um advogado.","agente fbi persegue frank abagnale, antes 19 anos consegue ganhar milhões dólares fingindo piloto, médico advogado.",0
Trainspotting: Sem Limites,1996,8.1,Policial,"renton, profundamente imerso no mundo das drogas em edimburgo, tenta sair do ambiente apesar da má influência dos amigos.","renton, profundamente imerso mundo drogas edimburgo, tenta sair ambiente apesar má influência amigos.",3
A Ponte do Rio Kwai,1957,8.1,Aventura,"depois de resolver suas diferenças com um japonês, o comandante do campo, um coronel britânico, coopera para supervisionar a construção de uma ponte ferroviária.","resolver diferenças japonês, comandante campo, coronel britânico, coopera supervisionar construção ponte ferroviária.",0
Touro Indomável,1980,8.1,Biografia,"a vida do boxeador jake lamotta, cuja violência e temperamento que o levaram até o topo dos ringues destruíram a sua vida fora deles.","vida boxeador jake lamotta, cuja violência temperamento levaram topo ringues destruíram vida deles.",0
Harry Potter e as Relíquias da Morte - Parte 2,2011,8.1,Aventura,"conforme a batalha entre as forças do bem e do mal no mundo bruxo aumenta de proporções, harry potter se aproxima cada vez mais do confronto final com voldemort.","conforme batalha forças bem mal mundo bruxo aumenta proporções, harry potter aproxima cada vez confronto final voldemort.",0
Fargo: Uma Comédia de Erros,1996,8.1,Policial,o crime de jerry lundegaard se desfaz devido à falta de sorte dele e de seus colegas e ao persistente trabalho polícia.,crime jerry lundegaard desfaz devido falta sorte colegas persistente trabalho polícia.,3
Robô Selvagem,2024,8.2,Animação,"após um naufrágio, um robô inteligente chamado roz fica preso em uma ilha desabitada. para sobreviver ao ambiente hostil, roz se une aos animais da ilha e cuida de um ganso bebê órfão.","após naufrágio, robô inteligente chamado roz fica preso ilha desabitada. sobreviver ambiente hostil, roz une animais ilha cuida ganso bebê órfão.",4
Guerreiro,2011,8.1,Ação,"o filho pequeno de um exboxer alcoólatra volta para casa, onde seu pai o treina para um torneio de artes marciais mistas.","filho pequeno exboxer alcoólatra volta casa, onde pai treina torneio artes marciais mistas.",2
Sociedade dos Poetas Mortos,1989,8.1,Comédia,o professor de inglés john keating inspira a seus estudantes a ver a poesia duma perspectiva diferente.,professor inglés john keating inspira estudantes ver poesia duma perspectiva diferente.,0
Menina de Ouro,2004,8.1,Drama,uma mulher determinada se prepara para se tornar numa pugilista profissional.,mulher determinada prepara tornar pugilista profissional.,1
Gran Torino,2008,8.1,Drama,"walt kowalski, um ranzinza veterano da guerra da coreia, tenta dar uma lição em seu vizinho quando este tentar roubar seu bem mais precioso: um gran torino de 1972.","walt kowalski, ranzinza veterano guerra coreia, tenta dar lição vizinho tentar roubar bem precioso: gran torino 1972.",1
Ben-Hur,1959,8.1,Aventura,"quando um príncipe de jerusalém é traído e enviado à escravidão por um amigo romano, ele recupera sua liberdade e retorna para se vingar.","príncipe jerusalém traído enviado escravidão amigo romano, recupera liberdade retorna vingar.",0
Mad Max: Estrada da Fúria,2015,8.1,Ação,"em um mundo pós-apocalíptico, uma mulher se rebela contra um governante tirânico em busca de sua terra natal com a ajuda de um grupo de prisioneiras, um adorador psicótico e um nômade chamado max.","mundo pós-apocalíptico, mulher rebela contra governante tirânico busca terra natal ajuda grupo prisioneiras, adorador psicótico nômade chamado max.",2
Barry Lyndon,1975,8.1,Aventura,um irlandês conquista o coração de uma viúva rica e assume a posição aristocrática de seu falecido marido na inglaterra do século xviii.,irlandês conquista coração viúva rica assume posição aristocrática falecido marido inglaterra século xviii.,0
Meu Amigo Totoro,1988,8.1,Animação,"quando duas meninas se mudam para o campo para ficar perto de sua mãe doente, elas têm aventuras com os maravilhosos espíritos da floresta que moram nas proximidades.","duas meninas mudam campo ficar perto mãe doente, têm aventuras maravilhosos espíritos floresta moram proximidades.",4
Filhos do Paraíso,1997,8.2,Drama,"depois que uma criança perde o par de sapatos de sua irmã, ele embarca em uma série de aventuras para encontrá-los. quando não consegue, ele tenta uma nova maneira de procurá-los.","criança perde par sapatos irmã, embarca série aventuras encontrá-los. consegue, tenta nova maneira procurá-los.",1
Até o Último Homem,2016,8.1,Biografia,"o médico amaericano da segunda guerra mundial, desmond t. doss, se recusa a matar pessoas e se torna o primeiro homem na história dos estados unidos a receber a medalha de honra sem atirar um tiro.","médico amaericano segunda guerra mundial, desmond t. doss, recusa matar pessoas torna primeiro homem história estados unidos receber medalha honra atirar tiro.",0
O Grande Hotel Budapeste,2014,8.1,Comédia,"as aventuras de gustave h, um lendário porteiro dum famoso hotel da ficcional república de zubrowka entre a primeira y a segunda guerra mundial.","aventuras gustave h, lendário porteiro dum famoso hotel ficcional república zubrowka primeira y segunda guerra mundial.",0
12 Anos de Escravidão,2013,8.1,Biografia,"solomon northup, um homem preto livre de nova iorque, é raptado e vendido como escravo.","solomon northup, homem preto livre nova iorque, raptado vendido escravo.",0
Antes do Amanhecer,1995,8.1,Comédia,um jovem e uma mulher se conhecem num trem em europa é passam uma noite juntos em viena.,jovem mulher conhecem trem europa passam noite juntos viena.,0
Homem-Aranha: Sem Volta para Casa,2021,8.2,Ação,"com a identidade de homem-aranha revelada, peter parker pede ajuda ao doutor estranho. quando um feitiço dá errado, inimigos de outros mundos começam a aparecer, forçando peter a descobrir o que realmente significa ser o homem-aranha.","identidade homem-aranha revelada, peter parker pede ajuda doutor estranho. feitiço dá errado, inimigos outros mundos começam aparecer, forçando peter descobrir realmente significa homem-aranha.",2
Blade Runner: O Caçador de Andróides,1982,8.1,Ação,um blade runner deve perseguir e eliminar quatro replicantes que roubaram uma nave no espaço e retornaram à terra para encontrar seu criador.,blade runner deve perseguir eliminar quatro replicantes roubaram nave espaço retornaram terra encontrar criador.,2
Memórias de um Assassino,2003,8.1,Policial,"em uma pequena província coreana em 1986, três detetives estão procurando o culpado de uma série de estupros e assassinatos de mulheres jovens.","pequena província coreana 1986, três detetives procurando culpado série estupros assassinatos mulheres jovens.",3
Garota Exemplar,2014,8.1,Drama,"desde que o desaparecimento de sua esposa se tornou o foco de um intenso circo da mídia, um homem vê como esta se concentra nele quando suspeitam que pode não ser inocente.","desde desaparecimento esposa tornou foco intenso circo mídia, homem vê concentra nele suspeitam pode inocente.",1
Ratatouille,2007,8.1,Animação,um rato que pode cozinhar forja uma aliança incomum com um jovem garoto em um famoso restaurante em paris.,rato pode cozinhar forja aliança incomum jovem garoto famoso restaurante paris.,4
Como Treinar o Seu Dragão,2010,8.1,Animação,"um jovem e desafortunado viking que aspira a caçar dragões se torna o improvável amigo de um jovem dragão, e descobre que pode haver mais nas criaturas do que ele supunha.","jovem desafortunado viking aspira caçar dragões torna improvável amigo jovem dragão, descobre pode criaturas supunha.",4
Monstros S.A.,2001,8.1,Animação,"para poder dar electricidade a sua cidade, os monstros tem que assustar a crianças. pensando que as crianças são perigosas para eles, dois monstros acham que as coisas podem ser diferentes.","poder dar electricidade cidade, monstros assustar crianças. pensando crianças perigosas eles, dois monstros acham coisas podem diferentes.",4
Tubarão,1975,8.1,Aventura,"quando um tubarão desencadea caos numa praia, um xerife, um biologista e um marinheiro daram caça ao animal.","tubarão desencadea caos praia, xerife, biologista marinheiro daram caça animal.",0
Em Nome do Pai,1993,8.1,Biografia,"em 1974, uma explosão a bomba acontece em guilford, próximo de londres. gerry conlon e amigos são acusados pelo crime e presos. giuseppe conlon, pai de gerry, pede ajuda à advogada gareth peirce, que investiga as irregularidades do caso.","1974, explosão bomba acontece guilford, próximo londres. gerry conlon amigos acusados crime presos. giuseppe conlon, pai gerry, pede ajuda advogada gareth peirce, investiga irregularidades caso.",0
Relatos Selvagens,2014,8.1,Comédia,sies historias curtas que exploram o comportamento humano de pessoas desesperadas.,sies historias curtas exploram comportamento humano pessoas desesperadas.,0
Em Busca do Ouro,1925,8.1,Aventura,um garimpeiro vai ao klondike em busca de ouro e encontra muito mais que isso.,garimpeiro vai klondike busca ouro encontra isso.,0
Ford vs. Ferrari,2019,8.1,Ação,"um designer de carros e um motorista combatem a interferência corporativa, as leis da física e seus próprios demônios pessoais para construir um carro de corrida revolucionário para a ford e desafiar a ferrari nas 24 horas de le mans em 1966.","designer carros motorista combatem interferência corporativa, leis física próprios demônios pessoais construir carro corrida revolucionário ford desafiar ferrari 24 horas le mans 1966.",2
Bancando o Águia,1924,8.1,Ação,um projecionista de cinema deseja ser um detetive e coloca suas magras habilidades em prática quando um rival o incrimina por roubar o relógio de bolso do pai de sua namorada.,projecionista cinema deseja detetive coloca magras habilidades prática rival incrimina roubar relógio bolso pai namorada.,2
Mary e Max - Uma Amizade Diferente,2009,8.1,Animação,"relata a estranha história de uma amizade entre dois amigos por correspondência: mary, uma garota solitária de oito anos que vive nos subúrbios de melbourne, e max, um homem obeso de quarenta e quatro anos que vive em nova york.","relata estranha história amizade dois amigos correspondência: mary, garota solitária oito anos vive subúrbios melbourne, max, homem obeso quarenta quatro anos vive nova york.",4
O Franco Atirador,1978,8.1,Drama,um retrato detalhado das maneiras pelas quais a guerra do vietnã interrompeu a vida dos habitantes de uma pequena cidade industrial na pensilvânia.,retrato detalhado maneiras quais guerra vietnã interrompeu vida habitantes pequena cidade industrial pensilvânia.,1
O Salário do Medo,1953,8.1,Aventura,"em uma aldeia da américa do sul, quatro homens são contratados para transportar uma remessa urgente de nitroglicerina, mas sem o equipamento de segurança.","aldeia américa sul, quatro homens contratados transportar remessa urgente nitroglicerina, equipamento segurança.",0
A General,1926,8.1,Ação,"uns espiões roubam a amada locomotiva de um engenheiro, ele a persegue sozinho através das linhas inimigas.","uns espiões roubam amada locomotiva engenheiro, persegue sozinho através linhas inimigas.",2
A Mulher Faz o Homem,1939,8.1,Comédia,"um homem ingênuo é eleito para ocupar uma vaga no senado dos estados unidos. seus planos colidem rapidamente com a corrupção política, mas ele não desiste.","homem ingênuo eleito ocupar vaga senado estados unidos. planos colidem rapidamente corrupção política, desiste.",0
Logan,2017,8.1,Ação,"em um futuro em que os mutantes estão quase extintos, um velho e cansado logan leva uma vida tranquila. mas quando laura, uma garota mutante perseguida por cientistas, pede ajuda a ele, ele deve colocá-la em segurança.","futuro mutantes quase extintos, velho cansado logan leva vida tranquila. laura, garota mutante perseguida cientistas, pede ajuda ele, deve colocá-la segurança.",2
Sindicato de Ladrões,1954,8.1,Policial,"um ex-pugilista de nova jersey, agora um operário portuário, luta para enfrentar seus chefes sindicais corruptos, incluindo seu irmão mais velho, enquanto começa a se conectar com a irmã de uma das vítimas do sindicato.","ex-pugilista nova jersey, agora operário portuário, luta enfrentar chefes sindicais corruptos, incluindo irmão velho, enquanto começa conectar irmã vítimas sindicato.",3
"Rocky, um Lutador",1976,8.1,Drama,um boxer pouco conhecido tem uma grande oportunidade de enfrentar o campeão dos pesos pesados em uma partida em que ele esperaele espera estar à altura da tarefa e divulgar seu nome.,boxer pouco conhecido grande oportunidade enfrentar campeão pesos pesados partida esperaele espera altura tarefa divulgar nome.,1
Morangos Silvestres,1957,8.1,Drama,"depois de viver uma vida marcada pela frieza, um professor idoso é forçado a confrontar o vazio de sua existência.","viver vida marcada frieza, professor idoso forçado confrontar vazio existência.",1
Era uma Vez em Tóquio,1953,8.1,Drama,"um casal de idosos viaja para tóquio para visitar seus filhos, mas encontram indiferença, ingratidão e uma marcada diferença cultural. quando os idosos voltam para casa, entramos em uma profunda reflexão sobre a mortalidade e a família.","casal idosos viaja tóquio visitar filhos, encontram indiferença, ingratidão marcada diferença cultural. idosos voltam casa, entramos profunda reflexão sobre mortalidade família.",1
O 3º Homem,1949,8.1,Drama,"o romancista holly martins viaja para sombria, viena pós-guerra, apenas para ele mesmo investigar a misteriosa morte de um velho amigo, harry lime","romancista holly martins viaja sombria, viena pós-guerra, apenas investigar misteriosa morte velho amigo, harry lime",1
Spotlight: Segredos Revelados,2015,8.1,Biografia,a verdadeira historia de como o jornal boston globe revelou o escândalo de abuso sexual infantil dentro da igreja católica da cidade e que agitou a toda igreja católica no mundo.,verdadeira historia jornal boston globe revelou escândalo abuso sexual infantil dentro igreja católica cidade agitou toda igreja católica mundo.,0
Piratas do Caribe: A Maldição do Pérola Negra,2003,8.1,Ação,"o ferreiro will turner se une ao excêntrico pirata ""capitão"" jack sparrow para salvar elizabeth swann, a filha do governador e seu amor, dos ex-aliados piratas de jack, que agora são mortos-vivos.","ferreiro will turner une excêntrico pirata ""capitão"" jack sparrow salvar elizabeth swann, filha governador amor, ex-aliados piratas jack, agora mortos-vivos.",2
O Mistério da Lixeira,2024,8.4,Ação,"um barbeiro busca vingança depois que sua casa é assaltada, dizendo enigmaticamente à polícia que sua ""lakshmi"" foi levada, deixando-os incertos se é uma pessoa ou um objeto. sua busca para recuperar a elusiva ""lakshmi"" se desenrola.","barbeiro busca vingança casa assaltada, dizendo enigmaticamente polícia ""lakshmi"" levada, deixando-os incertos pessoa objeto. busca recuperar elusiva ""lakshmi"" desenrola.",2
O Exterminador do Futuro,1984,8.1,Ação,"um assassino ciborgue do futuro tenta encontrar e matar sarah connor, uma garçonete que está destinada a ser a mãe de um homem que salvará a humanidade da extinção.","assassino ciborgue futuro tenta encontrar matar sarah connor, garçonete destinada mãe homem salvará humanidade extinção.",2
O Grande Lebowski,1998,8.1,Comédia,"jeff the dude lebowski, foi confundido por um millonário do mesmo nome e procurará restituçao com a ajuda do seus amigos.","jeff the dude lebowski, confundido millonário nome procurará restituçao ajuda amigos.",0
O Ódio,1995,8.1,Policial,24 horas na vida de três jovens nos subúrbios franceses no dia seguinte a uma rebelião violenta.,24 horas vida três jovens subúrbios franceses dia seguinte rebelião violenta.,3
Jai Bhim,2021,8.6,Policial,"quando um homem tribal é preso por um caso de suposto roubo, sua esposa recorre a um advogado de direitos humanos para ajudá-lo a fazer justiça.","homem tribal preso caso suposto roubo, esposa recorre advogado direitos humanos ajudá-lo fazer justiça.",3
O Sétimo Selo,1957,8.1,Drama,"um homem procura respostas sobre a vida, a morte e a existência de deus enquanto joga xadrez contra a morte durante a morte negra.","homem procura respostas sobre vida, morte existência deus enquanto joga xadrez contra morte durante morte negra.",1
O Quarto de Jack,2015,8.1,Drama,"um menino é mantido preso em um quarto com sua mãe desde seu nascimento, por isso sua visão do mundo é muito reduzida.","menino mantido preso quarto mãe desde nascimento, visão mundo reduzida.",1
Hotel Ruanda,2004,8.1,Biografia,paul rusesabagina era o gerente de um hotel que abrigava mais de mil refugiados tutsis durante sua luta contra a milícia hutu em ruanda.,paul rusesabagina gerente hotel abrigava mil refugiados tutsis durante luta contra milícia hutu ruanda.,0
Platoon,1986,8.1,Drama,"um jovem recruta no vietnã, se vê preso em uma batalha de vontades entre dois sargentos, um bom e outro mau. um exame perspicaz da brutalidade da guerra e da dualidade do homem em conflito.","jovem recruta vietnã, vê preso batalha vontades dois sargentos, bom outro mau. exame perspicaz brutalidade guerra dualidade homem conflito.",1
Os Melhores Anos de Nossas Vidas,1946,8.1,Drama,três veteranos da segunda guerra mundial voltam para casa na cidade pequena da américa para descobrir que eles e suas famílias foram mudados irreparavelmente.,três veteranos segunda guerra mundial voltam casa cidade pequena américa descobrir famílias mudados irreparavelmente.,1
Antes do Pôr do Sol,2004,8.1,Drama,"nove anos depois de se conhecer, o jesse e a celine se encontram novamente na frança.","nove anos conhecer, jesse celine encontram novamente frança.",1
A Noviça Rebelde,1965,8.1,Biografia,uma mulher deixa um convento austríaco para se tornar a instrutora dos filhos de um oficial da marinha viúvo.,mulher deixa convento austríaco tornar instrutora filhos oficial marinha viúvo.,0
O Exorcista,1973,8.1,Terror,"quando uma adolescente é possuída por uma entidade misteriosa, sua mãe busca a ajuda de dois padres católicos para salvar sua vida.","adolescente possuída entidade misteriosa, mãe busca ajuda dois padres católicos salvar vida.",0
Os Incríveis,2004,8.0,Animação,uma familia de heróis encobertos tentando viver uma vida tranquila se vem obrigados a salvar o mundo.,familia heróis encobertos tentando viver vida tranquila vem obrigados salvar mundo.,4
Sempre ao Seu Lado,2009,8.1,Biografia,um professor universitário se liga a um cachorro abandonado que ele leva para casa.,professor universitário liga cachorro abandonado leva casa.,0
Rush: No Limite da Emoção,2013,8.1,Biografia,a história da rivalidade impiedosa nos anos 70 entre os rivais de fórmula 1 james hunt e niki lauda.,história rivalidade impiedosa anos 70 rivais fórmula 1 james hunt niki lauda.,0
O Mágico de Oz,1939,8.1,Aventura,a dorothy gale é levada por um tornado até a mágica cidade de oz e vá numa viagem com novos amigos que la ajudar a voltar para casa.,dorothy gale levada tornado mágica cidade oz vá viagem novos amigos la ajudar voltar casa.,0
A Voz do Silêncio,2016,8.1,Animação,"um jovem é excluído por seus colegas depois de intimidar uma menina surda ao ponto de mudar de escola. anos depois, ele parte para o caminho da redenção.","jovem excluído colegas intimidar menina surda ponto mudar escola. anos depois, parte caminho redenção.",4
O Martírio de Joana D'Arc,1928,8.1,Biografia,"em 1431, joana d'arc é julgada sob acusações de heresia. os advogados da igreja tentam forçar jeanne a retractar suas reivindicações de visões sagradas.","1431, joana d'arc julgada sob acusações heresia. advogados igreja tentam forçar jeanne retractar reivindicações visões sagradas.",0
Conta Comigo,1986,8.1,Aventura,"depois da morte de um de seus velhos amigos, um escritor relembra sua viagem com os amigos de infância para encontrar o corpo de um menino desaparecido.","morte velhos amigos, escritor relembra viagem amigos infância encontrar corpo menino desaparecido.",0
O Gigante de Ferro,1999,8.1,Animação,"um jovem faz amizade com um robô gigante do espaço, um paranóico agente do governo quer que seja destruído.","jovem faz amizade robô gigante espaço, paranóico agente governo quer destruído.",4
Meu Pai e Meu Filho,2005,8.2,Drama,a família de um jornalista de esquerda é separada após o golpe militar na turquia em 1980.,família jornalista esquerda separada após golpe militar turquia 1980.,1
A Criada,2016,8.1,Drama,"uma mulher é contratada como criada de uma herdeira japonesa, mas secretamente esta envolvida em um plano para defraudá-la.","mulher contratada criada herdeira japonesa, secretamente envolvida plano defraudá-la.",1
Rede de Intrigas,1976,8.1,Drama,uma rede de televisão explora os delírios e revelações de um homem perturbado.,rede televisão explora delírios revelações homem perturbado.,1
A Batalha de Argel,1966,8.1,Drama,"nos anos 1950, o medo e a violência aumentam à medida que o povo da argélia luta pela independência do governo francês.","anos 1950, medo violência aumentam medida povo argélia luta independência governo francês.",1
As Vinhas da Ira,1940,8.1,Drama,"uma família pobre no centro-oeste é forçada a abandonar suas terras. eles viajam para a califórnia, sofrendo os infortúnios dos sem-teto na grande depressão.","família pobre centro-oeste forçada abandonar terras. viajam califórnia, sofrendo infortúnios sem-teto grande depressão.",1
Ser ou Não Ser,1942,8.1,Comédia,"durante a ocupação nazista da polônia, uma trupe de atuação se envolve nos esforços de um soldado polonês para rastrear um espião alemão.","durante ocupação nazista polônia, trupe atuação envolve esforços soldado polonês rastrear espião alemão.",0
Demon Slayer: Mugen Train - O Filme,2020,8.2,Animação,"tanjiro, inosuke e zenitsu são enviados pelo comando do esquadrão de exterminadores para uma missão no trem infinito, onde devem se encontrar com o pilar das chamas, rengoku, e impedir um oni que está fazendo inúmeras vítimas.","tanjiro, inosuke zenitsu enviados comando esquadrão exterminadores missão trem infinito, onde devem encontrar pilar chamas, rengoku, impedir oni fazendo inúmeras vítimas.",4
Gangues de Wasseypur,2012,8.2,Ação,um confronto entre sultão e shahid khan leva à expulsão de khan de wasseypur e acende uma rivalidade mortal que se estende por três gerações.,confronto sultão shahid khan leva expulsão khan wasseypur acende rivalidade mortal estende três gerações.,2
Na Natureza Selvagem,2007,8.0,Aventura,"depois de terminar a universidade, christopher mccandless deixa pra trás suas posses e vai para o alasca viver na natureza.","terminar universidade, christopher mccandless deixa pra trás posses vai alasca viver natureza.",0
Histórias Cruzadas,2011,8.1,Drama,uma aspirante a escritora durante o movimento dos direitos civis nos anos 60 nos estados unidos decide escrever um livro sobre as experiências das criadas negras que trabalhavam para as famílias brancas.,aspirante escritora durante movimento direitos civis anos 60 estados unidos decide escrever livro sobre experiências criadas negras trabalhavam famílias brancas.,1
Troca Surpresa,2023,8.3,Comédia,"trocadas por acidente enquanto viajavam até a casa dos novos maridos, duas mulheres recém-casadas vivem histórias inesquecíveis.","trocadas acidente enquanto viajavam casa novos maridos, duas mulheres recém-casadas vivem histórias inesquecíveis.",0
A Chantagem,2015,8.2,Policial,um homem toma medidas desesperadas para tentar salvar sua família do lado negro da lei depois que eles cometem um crime inesperado.,homem toma medidas desesperadas tentar salvar família lado negro lei cometem crime inesperado.,3
